[
  {
    "key": "zwave",
    "name": "Z-Wave",
    "description": "Control your Z-Wave devices.",
    "img": "/assets/integrations/cover/zwave.jpg"
  },
  {
    "key": "rtsp-camera",
    "name": "Camera",
    "description": "HTTP/RTSP cameras in Gladys.",
    "img": "/assets/integrations/cover/rtsp-camera.jpg"
  },
  {
    "key": "xiaomi",
    "name": "Xiaomi Home",
    "description": "Display Xiaomi home devices.",
    "img": "/assets/integrations/cover/xiaomi.jpg"
  },
  {
    "key": "mqtt",
    "name": "MQTT",
    "description": "Connect to MQTT server.",
    "img": "/assets/integrations/cover/mqtt.jpg"
  },
  {
    "key": "philips-hue",
    "name": "Philips Hue",
    "description": "Control Philips Hue Lights.",
    "img": "/assets/integrations/cover/philips-hue.jpg"
  },
  {
    "key": "sonoff",
    "name": "Sonoff",
    "description": "Control your Sonoff devices.",
    "img": "/assets/integrations/cover/sonoff.jpg"
  }
]
